Amarillo,613,251,571,519,668,645,638,548,572,572,527,504,534,479,462,468,432,434,586,582,477,468,466,475,464,532,507,508,481,478,495,482,455,526,516,511,455,457,423,487,486,450,476,483,479,474,495,447,399,404,415,401,385,373,378,462,426,402,399,386,465,470,470,462,381,426,381,432,445,446,446,429,411,400,459,451,457,419,389,399,355,417,414,407,399,356,392,352,418,418,421,369,358,382,372,414,426,410,312,308,334,334,350,596,596,467,504,280,223,583,584,589,599,600,611,600,617,633,638,649,662,650,645,657,640,640,632,653,630,641,627,628,643,646,658,682,640,624,629,634,664,682,664,620,631,638,633,638,652,644,630,662,672,671,679,,,,,,,,,
Lubbock,613,628,660,612,608,581,580,579,600,534,520,514,521,519,512,533,501,484,477,483,453,496,553,540,500,491,485,523,530,560,521,512,458,479,473,562,569,558,483,449,465,538,511,512,466,535,467,461,408,402,446,435,423,364,374,387,468,418,424,408,403,391,393,388,456,435,394,381,379,347,410,426,403,359,369,367,346,347,357,368,340,324,308,382,413,391,389,335,329,302,330,335,345,328,322,314,316,292,334,346,347,322,293,1089,742,757,769,607,569,541,489,418,413,453,432,409,432,413,464,524,518,461,441,415,426,459,473,437,436,441,412,418,411,473,472,482,423,441,489,442,470,451,480,412,381,383,437,527,597,512,480,528,485,444,470,,,,,,,,,
Wichita Falls,348,366,341,343,356,350,354,368,384,354,346,347,349,366,359,358,376,350,329,327,336,342,352,353,349,354,332,343,349,346,340,353,332,315,315,313,328,322,285,292,290,308,314,310,293,296,298,241,232,261,263,259,240,238,242,245,412,202,246,232,221,227,212,220,220,257,241,242,245,232,235,247,246,260,218,220,255,238,237,254,254,238,241,229,240,264,243,218,218,228,237,239,248,248,237,215,208,233,249,239,227,238,243,298,336,237,232,345,318,266,323,318,318,333,348,307,308,302,299,310,297,314,286,298,304,310,306,302,305,313,310,304,314,311,321,324,318,322,316,319,327,328,327,314,308,308,299,308,331,321,318,349,315,317,324,,,,,,,,,
Abilene,479,478,498,451,460,453,444,450,443,420,436,427,450,438,436,437,457,456,455,454,415,433,434,414,412,422,414,424,415,405,410,360,384,388,393,370,466,453,437,424,437,436,282,429,423,419,424,473,419,447,413,407,349,333,336,405,386,355,493,463,372,403,354,402,316,376,452,441,456,384,399,387,434,439,430,455,453,461,398,424,435,387,380,427,429,307,465,475,468,324,391,439,451,460,405,399,363,413,467,451,502,462,706,805,779,604,691,361,311,277,293,319,332,341,365,345,343,325,285,316,310,337,344,332,328,307,320,318,342,332,344,331,313,317,325,350,380,363,659,320,305,309,291,300,299,306,311,333,334,321,312,338,335,347,316,,,,,,,,,
Dallas/Ft. Worth,5095,5223,5347,6379,5453,5670,5004,5703,5076,5728,5091,5127,5280,5092,4963,5305,5553,5467,4702,4922,5143,4696,4428,4295,4538,4222,4257,4344,4365,4352,4593,4280,3911,4003,3657,3853,3602,4091,4172,3668,3570,3427,3404,3693,3813,3627,3336,3908,3535,3822,3872,3978,3524,3708,3314,3370,3444,3291,3314,3028,2934,2926,2948,3307,3074,3382,3113,3037,3031,3057,3177,3346,3340,3113,2884,2725,2765,2789,2937,2959,3184,2463,2508,2692,3047,2907,2715,2451,2293,2142,2507,2689,2587,2595,2485,2610,2456,2549,2609,2735,2748,2477,2376,2251,2359,1650,2095,2272,2071,1999,1867,1896,2208,2547,2440,2418,2190,2358,2317,2378,2423,2633,2273,2100,2070,2004,2124,2266,2197,2073,1828,1789,1787,2032,2150,2103,1904,1904,1827,1950,2104,2232,2217,1930,1782,1794,1896,2091,2195,2311,2300,1931,1866,1890,2041,2214,2168,2010,1880,1803,1912,2027,2211,2051
Longview/Tyler,714,734,739,752,682,736,665,589,610,659,595,590,664,618,578,567,626,582,596,601,539,545,612,595,508,500,536,548,607,617,651,535,555,575,531,470,567,572,416,442,440,457,423,482,497,508,458,518,583,570,601,652,514,534,540,538,582,484,558,470,441,530,542,529,508,515,433,428,445,408,511,516,547,425,438,435,541,521,603,579,559,484,500,554,577,533,612,509,477,461,482,547,543,533,464,484,457,432,455,472,461,397,389,399,476,319,297,348,270,230,268,260,351,329,347,304,267,269,287,306,366,429,351,358,351,348,442,442,447,384,415,427,463,446,500,470,451,407,408,459,494,490,428,379,387,408,419,469,498,458,480,406,442,415,424,,,,,,,,,
Lufkin,257,253,217,230,281,242,281,279,287,286,297,241,233,237,269,271,287,276,281,287,278,279,270,262,236,234,260,252,234,256,260,279,291,247,262,270,270,244,235,206,230,266,258,261,269,269,184,197,246,225,228,246,210,246,239,239,235,250,236,210,215,217,201,215,207,228,201,193,194,191,256,230,231,200,200,222,194,209,228,236,188,179,201,234,227,247,210,169,157,133,155,183,182,174,181,136,97,100,130,122,86,132,354,108,138,122,167,459,154,134,147,130,148,144,146,130,207,147,141,210,196,126,165,143,152,143,174,178,126,131,151,138,110,155,207,206,178,157,146,177,137,154,134,116,144,160,137,170,201,239,182,145,168,160,163,,,,,,,,,
El Paso,702,693,693,704,705,696,720,714,710,296,552,570,585,538,529,536,584,601,521,518,543,589,584,532,525,519,558,543,578,653,681,648,672,603,682,712,745,646,584,581,601,625,648,670,694,736,611,498,527,530,544,541,526,534,519,506,505,501,476,517,500,536,526,586,568,563,576,542,566,531,512,519,491,466,463,447,437,470,484,458,422,388,409,411,418,399,386,381,372,368,400,382,417,390,358,410,406,439,424,439,385,381,358,335,396,115,297,374,422,353,453,360,358,387,405,367,355,364,402,409,421,651,393,397,387,425,407,434,447,418,376,370,407,420,438,433,416,483,480,420,427,434,430,404,415,448,436,473,494,471,435,356,396,417,437,,,,,,,,,
Midland/Odessa,732,689,677,682,623,637,616,615,622,661,715,379,675,667,633,816,826,731,698,695,698,640,567,562,524,540,522,545,601,639,617,636,637,653,682,698,711,676,598,568,579,516,544,572,558,623,549,554,537,540,553,522,482,508,475,505,540,536,523,462,477,516,517,497,607,446,489,506,512,515,522,533,622,506,457,463,488,475,534,528,458,495,476,508,453,530,581,547,551,485,487,462,521,516,449,436,442,439,432,500,470,464,378,941,936,770,809,610,608,606,497,472,549,511,509,549,546,485,572,524,530,506,556,554,595,538,524,521,532,471,509,565,611,596,624,615,585,564,550,539,539,588,675,608,663,621,637,628,570,549,538,556,539,532,523,,,,,,,,,
San Angelo,284,293,298,280,271,302,297,285,285,264,132,252,177,257,259,277,275,274,273,262,267,273,279,270,248,249,237,243,247,254,239,227,229,248,304,223,225,228,225,205,210,202,242,247,252,239,228,207,209,215,215,210,197,175,184,186,210,179,177,171,156,183,176,181,182,180,140,164,162,159,183,180,151,133,131,141,144,173,195,195,177,170,162,188,184,185,168,142,176,175,174,187,170,158,186,192,192,191,196,193,184,165,127,129,125,167,200,168,325,368,164,161,383,393,408,407,400,396,399,400,402,404,402,406,406,399,398,399,406,409,413,408,403,405,406,413,407,407,407,406,407,408,412,411,403,403,402,398,392,388,394,400,401,400,397,,,,,,,,,
Belton/Killeen,663,633,647,575,590,668,720,532,511,635,611,549,584,571,489,505,449,504,593,537,570,527,492,548,494,560,390,518,513,300,477,474,373,459,343,414,380,380,422,302,427,394,393,281,300,292,270,367,285,311,337,312,294,309,292,266,328,329,262,244,246,257,261,307,308,277,244,240,235,229,259,245,234,212,256,264,229,299,304,247,237,245,240,291,309,315,252,231,264,236,207,244,264,242,238,237,253,246,231,267,286,245,203,190,176,233,144,268,241,278,356,298,356,361,329,257,249,280,289,294,284,285,269,259,222,240,255,271,268,258,263,221,244,255,267,305,256,246,254,265,265,281,267,281,258,272,267,273,283,277,296,300,276,265,300,,,,,,,,,
Waco,363,238,333,333,327,289,388,254,353,349,288,325,319,344,248,235,322,344,323,335,332,318,363,376,363,346,322,345,146,288,333,325,297,310,341,287,263,382,275,269,270,252,201,232,270,327,217,257,247,289,300,267,244,252,290,257,269,206,246,223,196,257,261,257,213,247,209,190,183,177,211,241,196,196,186,186,181,221,219,221,186,171,185,204,205,205,193,205,195,191,194,211,229,240,207,181,183,158,157,197,164,203,107,182,179,153,141,170,140,135,165,164,171,174,174,180,143,120,150,146,189,153,125,139,150,156,172,162,163,135,131,139,114,128,142,160,123,120,105,108,123,150,149,153,145,120,178,177,184,176,168,143,133,117,119,,,,,,,,,
Bryan/College Station,278,274,293,304,287,296,281,276,260,272,260,250,271,291,281,273,295,285,278,265,322,290,305,280,236,232,248,267,289,261,264,209,192,229,202,210,253,242,222,195,216,226,245,256,251,231,229,214,218,222,241,223,209,192,206,200,203,239,258,221,205,212,209,240,218,186,140,110,119,140,183,187,173,136,147,167,164,177,188,181,144,153,154,155,177,193,202,181,156,166,154,172,192,160,128,125,145,131,160,178,169,146,154,162,184,123,108,129,103,110,111,117,117,127,125,122,101,135,154,169,181,163,134,119,144,142,174,185,114,100,129,153,170,188,218,145,134,106,122,140,134,138,167,139,152,167,152,207,195,208,179,136,162,132,154,,,,,,,,,
Austin,1408,1227,1427,1257,1379,1271,1369,1200,1188,1511,1150,1086,1263,1459,1368,1125,1189,1285,1259,1177,1150,1063,1128,1282,1027,1069,1096,1049,946,1069,1084,962,1076,961,895,960,872,1071,939,1012,906,880,908,1114,1254,1125,944,886,867,986,965,1016,914,838,820,835,1029,876,928,760,734,806,745,842,859,910,838,786,767,780,786,742,825,705,662,723,805,795,848,782,768,646,791,753,810,813,769,693,672,651,638,684,717,655,609,678,626,583,540,573,627,468,531,540,627,563,609,356,353,377,440,441,382,444,471,457,448,447,442,457,488,492,497,478,504,501,504,459,435,415,414,453,437,691,693,796,623,553,520,589,652,690,730,579,653,620,605,610,689,676,643,553,559,686,606,,,,,,,,,
San Antonio,2488,2596,2493,2425,2537,2032,2159,2260,2214,2350,2570,2254,2061,2277,2283,2222,2210,2107,1999,1995,2008,2117,2209,2064,1941,1904,1938,2096,2008,2104,2187,1907,1869,1907,1889,1898,1648,2048,1757,1706,1670,1545,1849,1854,1837,1810,1865,1771,1672,1711,1768,1907,1614,1764,1704,1649,1748,1756,1810,1540,1495,1572,1614,1548,1525,1534,1448,1467,1458,1493,1571,1728,1387,1197,1190,1106,1132,1066,1271,1229,1066,1297,927,1008,1025,830,867,720,729,733,647,657,626,617,612,667,676,702,691,643,708,638,386,713,561,715,843,813,855,864,973,1077,1097,1233,1074,1024,1069,1130,1068,988,1108,1011,983,964,964,969,1157,1029,1155,972,993,1002,952,1034,1147,1171,1004,960,965,1009,1060,1096,1133,1018,999,984,926,1003,1151,1139,1178,997,1002,969,1126,,,,,,,,,
Houston,4062,3562,3531,3504,3795,3938,4155,3816,3857,4028,3462,3502,4400,3722,3724,3692,4118,3640,3468,3814,3838,3828,3791,3867,3458,3361,3140,3551,3325,3516,3973,3308,3323,3213,3339,3170,3291,3189,3126,2907,2810,2705,2883,3249,3344,3011,2636,2731,2890,2659,2605,2631,2300,2343,2302,2728,2845,2679,2573,2065,1991,2335,2120,2455,2492,2675,2185,1944,2052,2285,2282,2456,2222,2020,2070,1940,2134,1919,2348,2449,2049,1776,2067,2388,2473,2429,2121,1868,1838,1768,1810,1842,2166,1860,1561,1539,1488,1730,1794,1561,1746,1519,2706,1110,1430,1243,1370,1962,1396,970,1574,1781,1366,1811,1926,1579,1856,1868,1553,1729,1858,2226,1855,1794,1778,1885,1994,2183,2098,1704,2056,1917,1868,2290,2017,2280,2098,1912,2320,2595,2307,2309,2151,1882,1800,1841,1887,2085,2234,2442,2158,1823,1749,1827,2137,,,,,,,,,
Galveston,572,558,621,645,575,605,644,667,595,541,622,682,633,695,731,601,577,577,553,667,676,706,624,472,540,671,654,675,638,606,585,684,652,550,546,499,385,535,567,509,656,577,570,570,562,527,402,390,386,417,457,459,438,408,387,416,455,421,471,344,426,420,380,394,460,460,403,383,379,427,476,482,456,353,320,357,404,324,402,346,313,375,430,304,311,299,351,355,257,262,251,302,265,150,150,153,164,137,174,186,181,125,356,187,193,223,453,321,189,157,195,183,224,194,195,134,213,220,188,224,187,186,187,184,220,227,268,237,230,205,186,203,230,252,291,250,280,353,608,598,511,250,262,252,205,203,239,340,305,229,258,219,541,483,544,,,,,,,,,
Victoria,277,278,290,284,290,293,292,294,299,335,287,275,271,290,296,276,240,292,289,271,284,281,291,278,283,268,254,257,257,254,275,246,250,274,280,300,325,292,183,196,207,206,224,208,212,215,203,199,199,257,249,257,256,251,266,244,93,210,247,212,198,188,169,153,218,204,211,209,215,222,227,203,205,195,190,190,210,195,174,161,165,147,146,133,85,95,113,134,111,107,88,63,91,149,146,83,103,75,96,101,92,79,95,98,107,122,130,138,138,127,129,128,147,147,125,118,121,144,133,130,155,157,127,152,151,166,184,185,178,113,150,150,166,173,177,174,168,166,129,146,151,158,154,157,133,158,163,165,163,171,168,153,173,173,187,,,,,,,,,
Laredo,100,110,86,100,95,113,107,120,124,124,137,140,109,107,132,131,123,141,132,127,136,114,115,110,121,92,111,108,118,119,129,131,116,112,94,102,104,108,109,108,119,107,113,112,109,107,98,108,107,109,117,109,111,104,115,102,105,118,94,92,95,96,39,46,112,95,101,104,113,93,102,122,116,111,108,100,91,104,95,91,78,77,87,91,80,64,79,65,85,78,79,96,95,91,75,89,41,85,86,97,93,91,75,84,79,147,40,47,45,43,26,24,23,23,34,16,21,21,22,32,32,35,56,63,60,55,63,63,79,71,64,53,38,40,45,47,52,46,40,41,55,57,48,40,38,45,36,37,36,56,52,50,57,35,40,,,,,,,,,
Corpus Christi,360,382,360,356,366,360,383,384,382,395,411,362,363,329,333,333,317,287,307,302,296,301,299,295,295,297,297,282,358,332,304,284,278,330,359,346,355,351,348,348,325,322,298,307,309,305,295,315,293,299,319,307,329,316,310,316,309,294,344,291,293,284,245,227,248,246,277,298,313,319,316,306,300,286,285,297,306,308,291,292,315,312,315,321,327,353,325,317,308,296,353,375,355,292,290,266,256,266,286,265,310,301,1321,1496,1433,1071,1071,1421,1417,1682,1658,1752,1754,465,1505,791,828,602,578,532,537,503,497,456,560,486,445,468,525,532,496,461,480,472,433,441,462,460,466,450,461,509,456,472,481,428,484,523,608,633,581,533,577,575,585,,,,,,,,,
Lower Rio Grande Valley,881,861,817,821,910,853,751,865,872,872,748,730,827,807,873,964,798,781,821,784,766,741,832,785,718,650,741,758,746,821,808,754,768,741,691,813,799,852,811,810,684,630,627,627,683,678,682,621,576,646,616,647,608,637,596,559,566,539,558,543,520,418,403,618,574,564,546,595,536,473,457,405,490,446,359,361,387,447,525,509,419,443,369,408,303,367,676,424,436,380,378,439,440,374,339,349,382,419,480,489,539,535,1506,1890,1279,949,956,1651,1732,488,371,469,517,566,618,526,655,644,724,733,747,674,636,679,679,761,816,769,788,799,799,884,816,788,917,947,1004,1014,992,987,1028,990,1004,1042,1029,1045,1059,1047,1055,960,967,946,794,827,874,,,,,,,,,