Amarillo,417,427,461,322,522,553,545,535,286,286,557,607,658,647,648,660,669,630,594,605,602,566,571,595,611,609,661,659,853,792,583,605,649,649,653,654,620,619,643,671,659,664,612,590,590,612,665,683,684,612,589,596,634,646,622,640,638,552,577,662,674,675,672,673,557,612,682,692,700,671,663,653,652,666,705,713,700,652,648,633,684,718,730,731,699,646,636,653,680,708,711,695,613,663,667,710,690,711,655,656,678,699,734,1048,1073,737,737,379,333,636,639,638,638,632,638,630,648,648,634,642,632,632,642,642,651,650,654,656,651,625,614,625,631,638,628,621,620,616,621,619,622,619,631,617,643,651,645,642,644,640,637,639,631,649,641,646,653,690,701,697,680,658,649,618
Lubbock,755,744,734,748,795,823,782,807,736,769,777,811,801,798,765,744,781,812,816,844,846,800,745,779,836,852,831,810,756,687,699,797,852,846,808,726,684,760,836,871,849,823,793,760,772,809,861,893,896,838,753,796,886,921,951,935,842,813,786,866,878,902,882,813,767,747,861,895,902,900,865,789,903,891,934,951,966,917,863,886,932,972,982,915,841,827,852,933,1058,1073,1065,1003,948,1006,1041,1091,1085,1074,972,923,968,1017,1062,1124,1073,870,870,885,927,991,946,1056,991,900,906,963,967,933,933,913,880,918,939,908,951,930,903,905,937,947,971,961,952,938,926,901,1019,1018,952,963,942,944,926,925,928,581,881,814,788,823,853,926,959,969,967,956,913,1000,1012,1031,1030,1019,951,946
Wichita Falls,240,223,231,186,190,231,221,231,61,209,82,87,230,221,246,246,259,291,289,287,267,260,259,250,263,271,269,282,275,278,257,263,264,274,268,271,256,266,297,301,293,292,292,287,304,315,320,333,328,323,306,266,280,282,259,278,579,230,282,327,333,355,350,279,296,315,332,332,325,303,301,299,282,323,340,338,333,318,307,300,310,330,332,331,313,294,239,335,346,347,306,299,299,316,247,285,269,287,343,344,315,336,487,656,724,347,347,665,350,351,332,327,311,305,308,333,345,344,333,323,321,314,349,349,351,354,354,370,360,356,338,346,345,346,329,336,342,352,353,366,358,366,335,356,362,364,345,346,341,332,348,348,349,348,333,348,346,374,386,381,386,398,371,357
Abilene,214,146,268,271,274,258,240,216,178,301,398,434,416,434,413,414,424,428,432,410,436,421,424,422,455,463,463,453,328,406,406,456,465,474,443,284,419,419,474,503,500,495,490,485,344,347,364,491,466,450,481,419,414,424,400,484,475,368,456,529,463,463,435,384,307,346,532,535,542,458,434,424,397,547,555,568,569,546,407,495,529,482,506,474,436,401,430,521,549,475,452,545,489,519,470,455,464,491,477,450,495,484,1021,1075,1081,467,467,967,503,579,573,550,505,476,495,541,546,559,561,488,464,471,508,532,521,530,489,499,504,551,546,527,542,493,447,445,478,474,523,551,540,475,460,551,548,539,508,451,394,401,468,528,527,525,469,463,467,480,541,551,523,477,473,457
Dallas/Ft. Worth,7347,8219,8589,8811,9014,9124,8961,8364,7922,8385,8930,9659,9816,9435,9035,8607,9472,9712,9723,10190,10097,8843,8539,9725,10283,10012,10680,10327,9654,8746,9593,10240,10707,10978,10818,9439,8823,9864,10969,11181,11230,11222,8789,8518,9415,10194,10876,10848,11459,10878,10403,10599,10943,11198,11560,11267,10801,9762,10651,11473,11662,11784,11558,10808,9454,11001,11606,12054,12089,11970,11375,10828,10842,11521,11987,12171,12008,11554,11101,11046,11759,12240,12232,11787,11149,10626,11008,11769,12168,12352,12162,12228,11501,11464,11980,12228,12441,12161,11730,11233,11451,11866,19753,11829,11055,850,10570,10412,11044,11255,11288,11045,10753,10145,10455,11307,11658,11612,11304,11211,10424,10645,11285,11384,11554,11448,11433,10668,10727,11161,11461,11732,11518,11275,10867,10495,11060,11343,11636,11545,11225,11250,10809,11431,11790,11869,11645,11308,10760,10705,10723,11249,11669,11376,11207,10994,10927,11637,11939,12200,12155,11906,11480,11652
Paris,421,405,416,471,480,481,470,467,468,470,494,498,505,486,465,471,474,502,483,488,497,481,474,464,526,563,591,552,521,508,479,544,548,531,534,518,491,485,554,611,586,537,504,482,510,514,596,587,511,512,485,494,528,535,551,524,509,499,482,525,462,549,553,520,517,517,576,558,559,550,520,445,498,535,604,575,585,528,542,563,578,600,612,584,504,450,508,563,618,613,620,609,534,589,624,621,624,613,593,599,600,649,660,926,1281,544,623,1172,687,726,731,681,681,649,650,673,676,697,696,699,623,588,595,643,643,645,623,613,609,624,646,636,616,604,594,603,618,637,656,643,634,612,626,644,651,620,623,624,592,587,603,631,647,663,632,623,618,644,650,662,688,661,641,635
Longview/Tyler,921,932,969,1023,1039,995,1067,1013,960,1030,1314,1267,1347,1276,1232,1141,1158,1264,1276,1272,1294,1459,1184,1207,1412,1437,1416,1420,1232,1033,1236,1369,1381,1387,1376,1291,1228,1252,1459,1468,1464,1496,1420,1351,1290,1365,1499,1517,1471,1334,1259,1302,1374,1453,1504,1523,1444,1392,1391,1489,1523,1483,1482,1396,1299,1412,1569,1571,1627,1611,1467,1335,1342,1606,1596,1591,1510,1377,1308,1273,1404,1583,1550,1480,1365,1274,1375,1532,1585,1541,1527,1494,1349,1467,1595,1662,1651,1644,1611,1543,1570,1670,1670,1353,1456,49,1417,1523,1593,1623,1687,1587,1592,1436,1458,1558,1659,1666,1559,1546,1454,1475,1543,1570,1601,1652,1656,1537,1514,1699,1668,1653,1609,1580,1507,1509,1584,1669,1632,1608,1626,1579,1561,1673,1718,1695,1641,1527,1523,1462,1511,1593,1721,1758,1727,1613,1559,1631,1701,1675,1646,1614,1521,1496
Lufkin,190,198,149,154,247,185,226,205,219,219,252,261,253,273,250,247,243,263,285,280,277,296,266,285,314,300,319,311,289,268,201,282,302,308,272,239,226,266,317,334,317,98,283,248,229,268,265,319,232,287,266,284,335,320,333,336,289,259,282,338,320,323,331,318,281,302,350,360,363,340,320,310,305,353,356,319,344,313,273,314,337,366,366,346,310,288,309,347,371,377,353,320,311,327,348,378,389,407,370,264,366,422,282,375,380,845,845,849,323,369,197,283,315,268,355,351,364,394,287,333,315,340,279,352,374,367,362,348,354,290,387,379,342,314,266,270,312,345,335,309,305,330,355,384,374,368,343,331,307,320,338,362,357,340,313,295,335,376,361,377,363,337,327,322
El Paso,328,471,318,716,604,632,993,641,583,940,1033,1157,1209,1112,1085,1034,1054,1080,1125,1118,1158,1136,1115,1127,1172,1240,1225,1205,1156,1077,1045,1160,1228,1268,1250,1210,1190,1204,1318,1367,1317,1280,1215,1167,1162,1207,1331,1382,1361,1288,1228,1234,1338,1382,1373,1369,1304,1246,1257,1344,1365,1371,1355,1292,1183,1242,1313,1380,1354,1341,1280,1226,1214,1303,1372,1470,1441,1404,1336,1316,1426,1431,1440,1393,1340,1299,1305,1471,1533,1485,1464,1456,1412,1377,1471,1505,1518,1477,1391,1324,1379,1431,767,1141,1298,76,1196,1229,1220,1310,1353,1377,1321,1243,1334,1475,1507,1508,1500,1454,1403,1304,1395,1402,1347,1350,1315,1273,1320,1361,1375,1369,1378,1365,1252,1291,1346,1285,1311,1355,1373,1344,1294,1335,1361,1372,1360,1309,1264,1253,1281,1361,1387,1349,1283,1239,1275,1353,1396,1401,1412,1423,1352,1337
Midland/Odessa,663,676,640,639,650,666,681,643,614,622,643,673,653,683,654,630,624,648,677,670,640,634,623,642,723,747,725,715,670,643,656,714,751,718,725,665,635,652,714,729,758,781,750,700,698,705,744,787,640,742,691,715,759,765,752,749,704,672,596,705,753,748,744,733,712,524,609,755,730,748,711,707,728,801,770,754,771,757,726,790,829,822,827,790,731,733,582,611,779,788,796,739,751,626,656,651,627,663,623,609,615,647,0,845,835,8,592,577,604,619,613,643,628,616,639,666,682,710,697,656,621,629,617,732,714,694,695,677,679,642,700,715,732,697,655,678,689,721,739,722,693,643,652,724,728,732,724,669,649,670,680,696,722,717,704,643,666,682,698,706,702,662,627,706
San Angelo,208,199,210,279,260,235,226,213,201,230,249,227,293,295,268,224,260,261,280,281,272,238,224,219,272,296,299,278,268,281,281,313,314,223,294,275,283,291,302,283,281,335,272,264,214,219,215,247,239,214,215,215,238,272,269,282,245,242,258,358,341,255,255,240,229,245,359,291,293,281,253,231,254,293,310,296,284,258,226,248,285,296,296,290,288,233,241,260,247,266,255,250,243,227,262,259,259,256,229,228,238,281,0,0,0,3,240,241,238,250,230,234,227,221,235,257,285,288,288,267,244,250,279,281,280,288,288,270,262,288,290,285,287,281,276,245,247,286,274,270,259,255,247,248,283,283,281,278,188,241,247,264,273,271,278,275,264,260,277,285,287,273,253,250
Belton/Killeen,434,397,308,466,406,471,455,500,488,527,620,502,621,621,600,688,492,492,709,644,696,543,461,546,707,901,540,636,530,577,531,689,636,777,646,617,594,684,761,702,744,871,747,679,529,574,780,840,769,704,674,682,738,728,759,733,754,690,741,762,769,801,769,757,721,727,757,786,807,809,813,780,793,796,791,792,806,757,744,745,798,785,790,770,720,690,708,792,814,819,823,817,797,868,805,797,760,772,735,716,728,783,234,614,702,72,694,722,783,761,749,739,698,682,687,737,771,764,731,735,739,724,753,777,785,787,890,888,891,818,833,849,813,856,863,830,767,809,805,820,813,805,783,791,841,863,874,843,828,797,785,807,906,905,823,818,804,786,830,836,894,887,892,893
Waco,262,133,137,299,310,210,291,161,142,276,275,298,284,264,284,249,300,287,297,347,332,309,250,275,338,350,367,389,287,281,363,375,321,313,317,303,307,377,381,419,429,341,315,298,275,317,254,378,360,364,343,345,364,394,368,353,370,336,357,386,371,370,373,375,346,362,402,415,402,407,371,366,416,423,422,425,428,387,356,355,403,433,411,401,355,341,347,363,436,452,408,430,403,393,418,440,417,424,422,402,387,412,0,146,142,2,212,391,411,405,395,375,385,363,362,390,407,419,359,396,373,369,388,407,391,370,370,379,387,426,405,388,412,417,395,362,403,415,413,405,423,376,375,390,414,427,373,358,345,346,336,385,404,406,412,374,390,399,417,433,438,430,406,411
Bryan/College Station,234,247,111,111,243,227,138,254,116,256,276,247,264,251,233,240,28,242,258,139,255,243,126,266,302,305,295,269,252,245,264,326,334,316,328,291,279,285,324,345,169,331,289,276,270,135,317,336,311,293,289,276,305,316,310,318,300,273,254,294,300,334,319,307,290,310,351,393,390,357,319,295,354,357,347,319,332,310,304,309,347,367,370,363,318,308,312,328,355,359,352,337,320,330,372,378,372,357,338,317,314,351,337,317,356,0,279,276,291,308,313,316,309,309,299,348,358,347,308,279,274,293,352,362,345,333,327,323,317,326,303,309,308,300,278,292,305,320,334,319,315,298,295,335,341,324,321,282,279,280,296,323,328,330,328,292,305,347,341,309,319,302,296,288
Austin,1059,1028,1148,1052,973,1001,1011,1212,1050,881,1379,1824,1994,1722,1404,1317,1758,2029,2090,1665,1423,1543,1257,1896,2205,2216,2025,1851,1411,1398,2045,2402,2012,2318,2048,774,848,1520,2127,1736,1549,2484,1299,988,1149,1730,1929,2480,2384,2265,2167,2138,2475,2585,2645,2521,2840,2178,2322,2469,2543,2535,2556,2514,2151,2340,2495,2574,2780,2715,2556,2453,2391,2670,2701,2721,2690,2530,2265,2383,2558,2644,2626,2632,2462,2344,2294,2599,2727,2758,2774,2654,2470,2406,2613,2689,2710,2758,2567,2525,2507,2587,2487,3231,5126,2774,2774,5037,2393,2398,2386,2404,2363,2257,2226,2235,2310,2311,2329,2337,2304,2194,2249,2388,2448,2473,2368,2609,2541,2600,2632,2613,2648,2479,2334,2487,2530,2568,2639,2609,2568,2358,2383,2444,2489,2502,2485,2596,2420,2413,2385,2561,2584,2578,2492,2392,2352,2549,2820,2833,2883,2820,2696,2634
San Antonio,3398,3405,3276,3359,2815,3120,3467,3332,2155,3074,3698,3647,3640,3742,3662,3687,3699,3940,3861,4114,4028,3568,3794,3786,3946,4430,4327,4059,3934,3827,4000,4159,4028,4028,4179,4010,3721,4067,4732,4467,4552,4669,4367,3840,3858,4219,4563,4352,4220,3948,4132,3649,4362,3568,4638,4372,3976,3887,4234,4516,4607,4577,4565,4302,4181,4265,4414,4284,4240,4454,4773,4492,4100,4576,4573,4532,5075,4544,4184,4300,4488,4448,4439,3891,4339,4175,4181,4552,4711,4618,4638,4496,4372,4444,4612,4726,4688,4638,4534,4462,4466,4673,412,3652,4480,4081,4729,4135,4271,4267,4154,4441,3996,4098,4251,4208,4476,4297,4512,4199,4188,4107,4217,4238,4144,4224,4116,4059,4073,4172,4356,4411,4387,4213,4032,3996,4150,4321,4370,4330,4200,4018,4111,4308,4386,4359,4377,4214,3976,3932,3946,4274,4336,4342,4144,3956,4020,6351,4329,4365,4324,4110,4032,3975
Houston,6949,5616,7254,7469,7717,7284,6831,6944,7485,7485,7682,7790,7784,8202,7916,7170,7803,8313,8061,8697,8270,6495,7641,8020,8547,9027,8900,9194,8268,7552,7701,9159,9139,9498,9592,8203,8562,8336,9348,9425,9506,9413,8845,8179,8387,8433,9291,10097,10200,9669,9304,8969,5423,10085,10596,9773,9403,9468,9604,10226,9088,10337,10692,10128,9064,9783,9935,10781,12803,11159,10760,10271,10000,10766,11356,11435,11255,9828,9749,10372,11078,11307,11157,11174,10681,10143,10725,11230,11505,11583,11565,11229,10751,11036,11321,11347,10938,11259,10722,10643,10520,10855,2521,10787,11198,8687,8687,9125,10891,10872,3415,10569,10200,10089,10104,10962,11163,11344,10850,10950,11546,11066,11427,11428,12539,12639,12391,11678,11107,11612,11532,11940,10895,11014,10576,11377,11301,10337,10733,10850,10401,10594,10865,11805,12616,11929,11977,12072,11224,11155,10902,11386,11907,12418,11527,11634,11853,12067,11596,12051,12483,12183,11619,11165
Galveston,867,855,875,892,936,996,1059,836,992,992,1055,1093,1134,1131,1024,1021,1071,1122,1161,1089,1010,970,974,1098,1157,1113,1093,1080,1317,854,1017,1115,1144,1182,1244,1154,1104,1170,1223,1237,1216,1195,1147,1098,1029,1200,1027,1367,1334,1313,1194,1289,1358,1414,1422,1469,1397,1364,1502,1487,719,1335,1339,1084,1297,1362,1461,1479,1496,1413,1393,1332,1407,1489,1496,1515,1497,1249,1378,1433,1486,1519,1546,1477,1435,1437,1464,1551,1608,1596,1569,1502,1427,1292,1566,1590,1600,1551,1496,1469,1492,1564,534,1587,1549,2243,2243,2171,1517,1521,433,1550,1518,1474,1460,1545,1621,1794,1592,1383,1460,1566,1596,1541,1570,1610,1488,1471,1547,1592,1562,1544,1462,1526,1450,1298,1374,1176,1082,1130,1200,1356,1375,1453,1532,1429,1583,1507,1437,1435,1468,1555,1651,1577,1545,1497,1475,1535,1688,1640,1623,1482,1449,1454
Victoria,254,240,248,248,260,258,255,211,225,252,267,289,285,267,252,253,261,287,292,302,296,287,262,288,319,324,333,328,300,278,295,317,318,308,306,298,272,283,329,357,345,336,316,314,307,309,331,329,329,312,268,275,305,311,302,319,307,296,320,368,370,365,386,359,334,338,349,360,353,339,318,318,321,365,369,363,95,315,324,345,384,400,404,397,379,374,385,409,424,439,408,403,401,396,395,392,366,388,394,383,373,404,89,408,445,350,421,348,365,355,371,400,386,386,376,385,377,362,357,340,319,331,362,356,320,312,311,310,323,364,363,369,361,297,287,296,306,313,325,350,353,330,351,321,334,308,303,310,292,287,295,327,327,353,310,289,306,340,366,336,330,283,273,295
Laredo,255,238,241,234,253,253,245,222,201,201,237,250,253,253,248,231,214,236,259,268,257,226,219,230,264,298,295,299,291,268,259,267,276,297,307,274,275,280,295,317,315,314,279,247,252,266,300,329,328,283,254,263,278,291,301,303,261,247,269,318,328,329,293,269,282,289,314,322,316,328,314,280,264,298,338,330,320,307,311,331,358,382,360,347,329,334,344,376,384,393,396,361,360,369,415,410,360,385,369,368,376,405,269,264,386,0,387,376,398,414,448,441,413,414,405,434,452,453,418,402,403,397,393,403,388,410,397,401,397,410,409,400,390,386,384,379,415,430,430,411,392,384,382,405,431,414,398,387,378,374,403,432,428,404,356,352,352,379,385,416,409,378,362,360
Corpus Christi,785,765,779,722,810,798,815,802,740,740,683,848,858,866,920,885,860,939,964,985,993,976,920,916,985,1058,1070,1062,1016,977,964,979,1051,1059,1034,1001,968,1003,1026,1062,1108,1064,1058,1008,1002,1021,1089,1023,1039,1025,980,971,1013,1017,1042,1073,911,835,999,1054,917,1089,1048,1016,924,951,1081,1072,1057,1079,1001,966,974,1046,1093,1105,1083,990,961,977,1064,1118,1098,1065,1038,1052,1082,1079,1062,1154,1173,1163,1131,1134,1172,1228,1194,1240,1210,1147,1137,1232,1067,1216,1207,66,1137,1088,1082,1113,1094,1068,1071,1061,1043,1102,1081,1068,1043,935,1092,1023,1035,1035,1027,1040,997,973,991,1018,1008,1044,1058,1036,986,979,1005,1008,1012,1014,1017,1020,1015,1018,1026,1070,1038,1001,954,953,971,1041,1019,967,949,923,927,973,970,964,964,929,892,885
Lower Rio Grande Valley,1219,1157,1333,1420,1473,1361,1354,1327,1235,1235,1573,1563,1490,1708,1597,1543,1569,1511,1672,1714,1746,1718,1691,1617,1784,1910,1792,1798,1725,1573,1644,1761,1906,1902,1950,1711,1670,1684,1884,1935,1945,1936,1905,1710,1660,1742,1944,1903,1901,1813,1751,1733,1851,1876,2008,1982,1888,1674,1716,1914,1938,2015,2068,1981,1648,1861,2031,2152,2104,2060,2008,1807,1945,2131,2193,2252,2226,2109,2106,2141,2296,2444,2545,2614,2532,2559,2492,2742,2746,2747,2521,2710,2684,2366,2535,2547,2794,2939,2928,2874,2827,2867,1723,2134,2135,18,2081,2653,2678,2470,2461,2381,2366,2260,2225,2259,2235,2248,2212,2049,2014,2040,1986,2010,1986,2004,2021,1931,1889,1979,1976,1975,2004,2037,1870,1935,1791,1755,1886,1911,1854,1797,1766,1807,1817,1806,1817,1808,1620,1578,1619,1669,1946,1936,1688,1660,1763,1846,1938,1993,1974,1887,1773,1789
Statewide Total,27420,26721,28695,29892,30271,30162,30333,29136,27057,29380,32474,34032,34788,34687,33201,31702,33473,35289,35604,36409,35692,32012,32019,34653,37421,38722,38516,37977,35333,32549,34519,38292,38626,39654,39392,34208,33455,35767,40313,40321,40132,40977,35987,33489,34246,36501,39561,41521,41462,39467,38032,37510,36201,40783,42965,41603,40237,37283,39336,42410,40724,42995,43025,40548,36840,39851,42379,44041,46232,44293,42815,40607,40382,43756,45208,45535,45318,41950,40419,41555,44333,45687,45619,44252,42564,40828,41819,45016,46706,46943,46338,45740,43566,43615,45585,46389,46216,46495,44709,43479,43802,45635,36109,44728,47982,23089,41548,45221,42902,43593,34808,43105,41667,40284,40911,43359,44588,44766,43503,42537,42093,41676,43189,43740,44930,45110,44448,42838,42380,43861,44375,45070,43690,43092,41202,41625,42662,42198,43061,43100,42113,41753,41597,43965,45613,44505,44542,43677,41203,40984,41095,43357,45078,45181,43128,42282,42570,46699,45342,46142,46513,45119,43335,42925